datetime,type,gap_top,gap_bottom,gap_size,mitigated,mitigation_time,trend_at_creation,context
2025-10-29 01:00:00,Bearish,1.327598094940186,1.327386736869812,0.00021135807037397925,False,,Neutral,Counter-Trend / Reversal
2025-10-29 01:30:00,Bearish,1.32722806930542,1.326875805854797,0.0003522634506230027,False,,Neutral,Counter-Trend / Reversal
2025-10-29 02:30:00,Bearish,1.326470971107483,1.326400637626648,7.033348083496094e-05,True,2025-10-29 03:00:00,Neutral,Counter-Trend / Reversal
2025-10-29 03:30:00,Bearish,1.325802803039551,1.325679779052734,0.00012302398681707238,True,2025-11-27 01:30:00,Neutral,Counter-Trend / Reversal
2025-10-29 04:00:00,Bearish,1.325750112533569,1.325504064559937,0.0002460479736319243,True,2025-10-29 04:30:00,Neutral,Counter-Trend / Reversal
2025-10-29 05:00:00,Bearish,1.325258135795593,1.325170278549194,8.785724639914783e-05,True,2025-11-27 01:00:00,Neutral,Counter-Trend / Reversal
2025-10-29 05:30:00,Bearish,1.325047373771667,1.324169993400574,0.0008773803710930839,True,2025-10-29 15:30:00,Neutral,Counter-Trend / Reversal
2025-10-29 08:30:00,Bearish,1.322331547737122,1.321981906890869,0.00034964084625310754,True,2025-10-29 09:30:00,Neutral,Counter-Trend / Reversal
2025-10-29 09:00:00,Bearish,1.321387887001038,1.320951581001282,0.0004363059997560814,True,2025-10-29 09:30:00,Neutral,Counter-Trend / Reversal
2025-10-29 10:00:00,Bullish,1.321877002716064,1.320951581001282,0.0009254217147820487,True,2025-10-29 10:30:00,Neutral,Counter-Trend / Reversal
2025-10-29 12:30:00,Bearish,1.32164990901947,1.320829510688782,0.0008203983306880325,True,2025-10-29 13:00:00,Neutral,Counter-Trend / Reversal
2025-10-29 15:00:00,Bullish,1.322803854942322,1.322121739387512,0.0006821155548100144,True,2025-10-29 16:30:00,Neutral,Counter-Trend / Reversal
2025-10-29 15:30:00,Bullish,1.323171377182007,1.322698831558228,0.00047254562377907483,True,2025-10-29 16:30:00,Neutral,Counter-Trend / Reversal
2025-10-29 16:00:00,Bullish,1.323609232902527,1.323364019393921,0.0002452135086061791,True,2025-10-29 16:30:00,Neutral,Counter-Trend / Reversal
2025-10-29 17:00:00,Bearish,1.323609232902527,1.323188900947571,0.0004203319549560547,True,2025-11-26 15:00:00,Neutral,Counter-Trend / Reversal
2025-10-29 18:00:00,Bearish,1.322436451911926,1.322418928146362,1.7523765563964844e-05,True,2025-11-26 15:00:00,Neutral,Counter-Trend / Reversal
2025-10-29 19:00:00,Bearish,1.320811986923218,1.316985130310059,0.0038268566131589576,True,2025-10-29 19:30:00,Neutral,Counter-Trend / Reversal
2025-10-29 20:00:00,Bullish,1.31816565990448,1.316985130310059,0.0011805295944209426,True,2025-10-30 10:30:00,Neutral,Counter-Trend / Reversal
2025-10-30 00:30:00,Bullish,1.320306301116943,1.31985330581665,0.00045299530029296875,True,2025-10-30 01:00:00,Downtrend,Counter-Trend / Reversal
2025-10-30 03:30:00,Bearish,1.320376038551331,1.320271492004395,0.00010454654693603516,True,2025-10-30 04:00:00,Downtrend,Trend Continuation
2025-10-30 04:30:00,Bullish,1.321126103401184,1.320271492004395,0.0008546113967891067,True,2025-10-30 05:00:00,Uptrend,Trend Continuation
2025-10-30 06:30:00,Bearish,1.320951581001282,1.320934176445007,1.7404556274858152e-05,True,2025-10-30 07:30:00,Downtrend,Trend Continuation
2025-10-30 07:00:00,Bearish,1.320602774620056,1.320323705673218,0.0002790689468379348,True,2025-10-30 07:30:00,Downtrend,Trend Continuation
2025-10-30 10:00:00,Bearish,1.319417834281921,1.318965435028076,0.0004523992538449928,True,2025-10-30 11:30:00,Downtrend,Trend Continuation
2025-10-30 10:30:00,Bearish,1.318548083305359,1.318495869636536,5.221366882302014e-05,True,2025-10-30 11:00:00,Downtrend,Trend Continuation
2025-10-30 12:30:00,Bearish,1.317627191543579,1.316811680793762,0.0008155107498171166,True,2025-10-30 14:00:00,Downtrend,Trend Continuation
2025-10-30 13:00:00,Bearish,1.315858721733093,1.31399142742157,0.0018672943115229934,True,2025-10-30 13:30:00,Downtrend,Trend Continuation
2025-10-30 14:00:00,Bullish,1.315443277359009,1.31399142742157,0.0014518499374389648,True,2025-10-30 15:30:00,Downtrend,Counter-Trend / Reversal
2025-10-30 16:00:00,Bearish,1.315547108650208,1.314889788627625,0.0006573200225830078,True,2025-10-30 16:30:00,Downtrend,Trend Continuation
2025-10-30 19:30:00,Bearish,1.314647793769836,1.314596056938171,5.173683166503906e-05,True,2025-10-30 20:00:00,Downtrend,Trend Continuation
2025-10-30 20:30:00,Bullish,1.314993500709534,1.314596056938171,0.0003974437713629708,True,2025-10-30 21:00:00,Downtrend,Counter-Trend / Reversal
2025-10-31 00:00:00,Bullish,1.315598964691162,1.315495252609253,0.00010371208190917969,True,2025-10-31 01:30:00,Downtrend,Counter-Trend / Reversal
2025-10-31 02:00:00,Bearish,1.315841436386108,1.315789461135864,5.197525024391858e-05,True,2025-11-03 17:00:00,Downtrend,Trend Continuation
2025-10-31 07:00:00,Bearish,1.31483793258667,1.314164042472839,0.0006738901138310105,True,2025-10-31 07:30:00,Downtrend,Trend Continuation
2025-10-31 12:00:00,Bearish,1.313163042068481,1.312835574150085,0.0003274679183959961,True,2025-10-31 15:30:00,Downtrend,Trend Continuation
2025-10-31 13:00:00,Bearish,1.311165928840637,1.311131477355957,3.445148467995374e-05,True,2025-10-31 13:30:00,Downtrend,Trend Continuation
2025-10-31 15:00:00,Bullish,1.31190550327301,1.311767935752869,0.00013756752014093543,True,2025-11-03 08:30:00,Downtrend,Counter-Trend / Reversal
2025-10-31 16:00:00,Bullish,1.312904596328735,1.31271493434906,0.00018966197967484888,True,2025-10-31 16:30:00,Downtrend,Counter-Trend / Reversal
2025-10-31 19:00:00,Bullish,1.3138188123703,1.313715219497681,0.00010359287261896277,True,2025-10-31 19:30:00,Uptrend,Trend Continuation
2025-10-31 21:00:00,Bullish,1.315408706665039,1.314423203468323,0.0009855031967160865,True,2025-11-03 00:00:00,Uptrend,Trend Continuation
2025-11-03 00:00:00,Bearish,1.313974142074585,1.313628911972046,0.0003452301025390625,True,2025-11-03 00:30:00,Downtrend,Trend Continuation
2025-11-03 00:30:00,Bearish,1.315408706665039,1.31374979019165,0.001658916473389116,True,2025-11-03 02:00:00,Downtrend,Trend Continuation
2025-11-03 02:30:00,Bullish,1.3138188123703,1.313697934150696,0.0001208782196040481,True,2025-11-03 03:00:00,Downtrend,Counter-Trend / Reversal
2025-11-03 04:00:00,Bullish,1.314043164253235,1.313974142074585,6.902217865012439e-05,True,2025-11-03 04:30:00,Uptrend,Trend Continuation
2025-11-03 06:30:00,Bullish,1.314578652381897,1.314561367034912,1.728534698486328e-05,True,2025-11-03 07:00:00,Uptrend,Trend Continuation
2025-11-03 08:00:00,Bearish,1.314388632774353,1.313628911972046,0.0007597208023071289,True,2025-11-03 10:00:00,Downtrend,Trend Continuation
2025-11-03 08:30:00,Bearish,1.313508152961731,1.313059687614441,0.00044846534729003906,True,2025-11-03 09:00:00,Downtrend,Trend Continuation
2025-11-03 13:30:00,Bearish,1.313404560089111,1.313163042068481,0.00024151802063010486,True,2025-11-03 15:00:00,Downtrend,Trend Continuation
2025-11-03 14:30:00,Bearish,1.312180876731873,1.31190550327301,0.0002753734588629708,True,2025-11-03 15:00:00,Downtrend,Trend Continuation
2025-11-03 16:00:00,Bullish,1.314233064651489,1.313421845436096,0.0008112192153930664,True,2025-11-03 18:00:00,Uptrend,Trend Continuation
2025-11-03 18:30:00,Bearish,1.314319491386414,1.31402587890625,0.0002936124801640183,True,2025-11-03 19:00:00,Uptrend,Counter-Trend / Reversal
2025-11-04 00:00:00,Bearish,1.313628911972046,1.313180327415466,0.0004485845565798119,True,2025-11-04 03:00:00,Downtrend,Trend Continuation
2025-11-04 00:30:00,Bearish,1.313508152961731,1.312542676925659,0.0009654760360719994,True,2025-11-04 01:00:00,Downtrend,Trend Continuation
2025-11-04 03:30:00,Bullish,1.31281840801239,1.312628865242004,0.00018954277038596423,True,2025-11-04 04:00:00,Downtrend,Counter-Trend / Reversal
2025-11-04 05:00:00,Bearish,1.312628865242004,1.312422037124634,0.00020682811736993933,True,2025-11-04 05:30:00,Downtrend,Trend Continuation
2025-11-04 08:30:00,Bearish,1.311888337135315,1.310908079147339,0.0009802579879758522,True,2025-11-06 13:30:00,Downtrend,Trend Continuation
2025-11-04 09:00:00,Bearish,1.310203909873962,1.309534788131714,0.000669121742247869,True,2025-11-06 11:30:00,Downtrend,Trend Continuation
2025-11-04 09:30:00,Bearish,1.308849215507507,1.307651162147522,0.0011980533599851295,True,2025-11-04 10:30:00,Downtrend,Trend Continuation
2025-11-04 10:00:00,Bearish,1.307172417640686,1.307104110717773,6.830692291304175e-05,True,2025-11-04 10:30:00,Downtrend,Trend Continuation
2025-11-04 12:00:00,Bearish,1.306728363037109,1.30636990070343,0.0003584623336789772,True,2025-11-04 12:30:00,Downtrend,Trend Continuation
2025-11-04 14:30:00,Bearish,1.305755734443665,1.304648518562317,0.0011072158813481003,True,2025-11-04 15:00:00,Downtrend,Trend Continuation
2025-11-04 17:30:00,Bearish,1.304087042808533,1.303424119949341,0.0006629228591918945,True,2025-11-05 08:00:00,Downtrend,Trend Continuation
2025-11-04 18:00:00,Bearish,1.303407073020935,1.302846789360046,0.000560283660889116,True,2025-11-04 22:00:00,Downtrend,Trend Continuation
2025-11-05 04:00:00,Bullish,1.302066326141357,1.301998496055603,6.783008575395044e-05,True,2025-11-05 07:00:00,Downtrend,Counter-Trend / Reversal
2025-11-05 04:30:00,Bullish,1.302320718765259,1.302049517631531,0.00027120113372802734,True,2025-11-05 05:30:00,Downtrend,Counter-Trend / Reversal
2025-11-05 05:00:00,Bullish,1.302473425865173,1.302354574203491,0.00011885166168190686,True,2025-11-05 05:30:00,Downtrend,Counter-Trend / Reversal
2025-11-05 08:00:00,Bullish,1.302829742431641,1.302761912345886,6.783008575506067e-05,True,2025-11-05 10:00:00,Downtrend,Counter-Trend / Reversal
2025-11-05 08:30:00,Bullish,1.30384886264801,1.303101301193237,0.0007475614547729492,True,2025-11-05 09:30:00,Uptrend,Trend Continuation
2025-11-05 10:00:00,Bearish,1.304087042808533,1.303730010986328,0.00035703182220503393,True,2025-11-05 12:00:00,Downtrend,Trend Continuation
2025-11-05 10:30:00,Bearish,1.303475022315979,1.303220272064209,0.00025475025177001953,True,2025-11-05 11:30:00,Downtrend,Trend Continuation
2025-11-05 12:00:00,Bullish,1.303475022315979,1.302643060684204,0.0008319616317749023,True,2025-11-05 13:00:00,Uptrend,Trend Continuation
2025-11-05 12:30:00,Bullish,1.303746938705444,1.303627967834473,0.00011897087097079151,True,2025-11-05 13:00:00,Uptrend,Trend Continuation
2025-11-05 14:00:00,Bearish,1.303322076797485,1.302914619445801,0.0004074573516839042,True,2025-11-05 14:30:00,Downtrend,Trend Continuation
2025-11-05 15:30:00,Bullish,1.30384886264801,1.303458094596863,0.00039076805114701685,True,2025-11-05 16:00:00,Uptrend,Trend Continuation
2025-11-05 17:00:00,Bullish,1.304325103759766,1.304274082183838,5.1021575928178464e-05,True,2025-11-05 17:30:00,Uptrend,Trend Continuation
2025-11-06 01:00:00,Bullish,1.305960416793823,1.305500030517578,0.0004603862762451172,True,2025-11-06 02:30:00,Uptrend,Trend Continuation
2025-11-06 01:30:00,Bullish,1.306182146072388,1.305994510650635,0.0001876354217529297,True,2025-11-06 02:30:00,Uptrend,Trend Continuation
2025-11-06 04:30:00,Bearish,1.306352853775024,1.306301593780518,5.125999450594776e-05,True,2025-11-06 05:00:00,Uptrend,Counter-Trend / Reversal
2025-11-06 09:00:00,Bullish,1.307907581329346,1.307087063789368,0.0008205175399780273,True,2025-11-06 09:30:00,Uptrend,Trend Continuation
2025-11-06 11:30:00,Bullish,1.30872917175293,1.308626532554626,0.00010263919830388879,True,2025-11-06 12:00:00,Uptrend,Trend Continuation
2025-11-06 13:00:00,Bullish,1.309517621994019,1.307924747467041,0.0015928745269779832,True,2025-11-06 14:00:00,Uptrend,Trend Continuation
2025-11-06 14:30:00,Bearish,1.309637546539307,1.309603333473206,3.421306610107422e-05,True,2025-11-06 15:00:00,Uptrend,Counter-Trend / Reversal
2025-11-06 17:30:00,Bullish,1.311200261116028,1.311062693595886,0.00013756752014204565,True,2025-11-07 08:00:00,Uptrend,Trend Continuation
2025-11-06 18:00:00,Bullish,1.312077641487122,1.311767935752869,0.0003097057342529297,True,2025-11-07 02:30:00,Uptrend,Trend Continuation
2025-11-06 18:30:00,Bullish,1.313439130783081,1.312473773956299,0.0009653568267820045,True,2025-11-06 19:30:00,Uptrend,Trend Continuation
2025-11-06 19:00:00,Bullish,1.31385326385498,1.313525438308716,0.0003278255462639823,True,2025-11-06 19:30:00,Uptrend,Trend Continuation
2025-11-06 22:30:00,Bearish,1.313525438308716,1.313473582267761,5.185604095503393e-05,True,2025-11-06 23:00:00,Uptrend,Counter-Trend / Reversal
2025-11-06 23:00:00,Bullish,1.313559889793396,1.313542604446411,1.7285346985085326e-05,True,2025-11-07 00:00:00,Uptrend,Trend Continuation
2025-11-06 23:30:00,Bullish,1.313784241676331,1.313473582267761,0.00031065940857000207,True,2025-11-07 00:00:00,Uptrend,Trend Continuation
2025-11-07 00:30:00,Bearish,1.313784241676331,1.31374979019165,3.445148468106396e-05,True,2025-11-07 13:30:00,Uptrend,Counter-Trend / Reversal
2025-11-07 01:00:00,Bearish,1.313508152961731,1.312973499298096,0.0005346536636350319,True,2025-11-07 02:00:00,Uptrend,Counter-Trend / Reversal
2025-11-07 01:30:00,Bearish,1.313025236129761,1.312904596328735,0.00012063980102605676,True,2025-11-07 02:00:00,Uptrend,Counter-Trend / Reversal
2025-11-07 03:00:00,Bearish,1.31268048286438,1.312404751777649,0.0002757310867311791,True,2025-11-07 07:30:00,Uptrend,Counter-Trend / Reversal
2025-11-07 08:30:00,Bearish,1.311389446258545,1.310959696769714,0.0004297494888310105,True,2025-11-07 10:30:00,Downtrend,Trend Continuation
2025-11-07 09:00:00,Bearish,1.310959696769714,1.310564517974854,0.00039517879485995167,True,2025-11-07 10:00:00,Downtrend,Trend Continuation
2025-11-07 11:00:00,Bullish,1.310684680938721,1.310633182525635,5.14984130859375e-05,True,2025-11-12 13:00:00,Downtrend,Counter-Trend / Reversal
2025-11-07 11:30:00,Bullish,1.311475396156311,1.311045527458191,0.0004298686981201172,True,2025-11-07 12:30:00,Uptrend,Trend Continuation
2025-11-07 12:00:00,Bullish,1.311991572380066,1.311578512191772,0.0004130601882939011,True,2025-11-07 12:30:00,Uptrend,Trend Continuation
2025-11-07 15:00:00,Bullish,1.315529823303223,1.31406044960022,0.0014693737030031517,True,2025-11-07 15:30:00,Uptrend,Trend Continuation
2025-11-07 18:00:00,Bullish,1.316829085350037,1.316551685333252,0.00027740001678511206,True,2025-11-07 18:30:00,Uptrend,Trend Continuation
2025-11-07 20:00:00,Bearish,1.316638350486755,1.316239833831787,0.00039851665496781763,True,2025-11-07 20:30:00,Uptrend,Counter-Trend / Reversal
2025-11-10 00:00:00,Bearish,1.315443277359009,1.314924359321594,0.0005189180374149949,True,2025-11-10 01:00:00,Uptrend,Counter-Trend / Reversal
2025-11-10 00:30:00,Bearish,1.31636106967926,1.314751505851746,0.0016095638275139823,True,2025-11-10 01:00:00,Uptrend,Counter-Trend / Reversal
2025-11-10 01:30:00,Bullish,1.314786076545715,1.314751505851746,3.457069396906043e-05,True,2025-11-10 02:00:00,Uptrend,Trend Continuation
2025-11-10 03:30:00,Bearish,1.314820647239685,1.314699649810791,0.00012099742889404297,True,2025-11-10 04:00:00,Uptrend,Counter-Trend / Reversal
2025-11-10 04:30:00,Bullish,1.314889788627625,1.314699649810791,0.00019013881683394018,True,2025-11-10 06:30:00,Uptrend,Trend Continuation
2025-11-10 05:30:00,Bullish,1.315495252609253,1.315477967262268,1.728534698486328e-05,True,2025-11-10 06:00:00,Uptrend,Trend Continuation
2025-11-10 06:30:00,Bearish,1.315495252609253,1.315460562705994,3.4689903258833255e-05,True,2025-11-10 07:00:00,Uptrend,Counter-Trend / Reversal
2025-11-10 07:30:00,Bullish,1.315529823303223,1.315460562705994,6.92605972290039e-05,True,2025-11-10 11:00:00,Uptrend,Trend Continuation
2025-11-10 08:00:00,Bullish,1.31570291519165,1.315495252609253,0.00020766258239701685,True,2025-11-10 11:00:00,Uptrend,Trend Continuation
2025-11-10 08:30:00,Bullish,1.317314863204956,1.316673040390015,0.0006418228149409622,True,2025-11-10 09:00:00,Uptrend,Trend Continuation
2025-11-10 10:30:00,Bearish,1.317019939422607,1.316777110099792,0.0002428293228149414,True,2025-11-10 11:30:00,Uptrend,Counter-Trend / Reversal
2025-11-10 11:00:00,Bearish,1.316881060600281,1.316343784332275,0.0005372762680060372,True,2025-11-10 11:30:00,Uptrend,Counter-Trend / Reversal
2025-11-10 12:00:00,Bullish,1.317609906196594,1.316343784332275,0.0012661218643190697,True,2025-11-10 13:30:00,Uptrend,Trend Continuation
2025-11-10 12:30:00,Bullish,1.317852973937988,1.317731380462646,0.00012159347534201892,True,2025-11-10 13:30:00,Uptrend,Trend Continuation
2025-11-10 14:00:00,Bearish,1.318009257316589,1.317505717277527,0.0005035400390618339,True,2025-11-10 17:30:00,Uptrend,Counter-Trend / Reversal
2025-11-10 14:30:00,Bearish,1.31714129447937,1.316759705543518,0.00038158893585182874,True,2025-11-10 15:00:00,Uptrend,Counter-Trend / Reversal
2025-11-10 17:30:00,Bullish,1.31665563583374,1.315997242927551,0.0006583929061889648,True,2025-11-11 00:30:00,Uptrend,Trend Continuation
2025-11-10 18:00:00,Bullish,1.317870259284973,1.316742300987244,0.001127958297728826,True,2025-11-10 18:30:00,Uptrend,Trend Continuation
2025-11-10 21:30:00,Bearish,1.318182945251465,1.317887663841248,0.0002952814102170631,True,2025-11-10 22:00:00,Uptrend,Counter-Trend / Reversal
2025-11-11 01:00:00,Bearish,1.317158699035645,1.316551685333252,0.0006070137023930222,True,2025-11-11 02:00:00,Downtrend,Trend Continuation
2025-11-11 01:30:00,Bearish,1.316586375236511,1.316413044929504,0.00017333030700705798,True,2025-11-11 02:00:00,Downtrend,Trend Continuation
2025-11-11 02:00:00,Bullish,1.316569089889526,1.316551685333252,1.7404556273969973e-05,True,2025-11-11 02:30:00,Uptrend,Trend Continuation
2025-11-11 03:30:00,Bullish,1.316742300987244,1.316690325737,5.1975250244140625e-05,True,2025-11-11 04:00:00,Uptrend,Trend Continuation
2025-11-11 07:00:00,Bearish,1.316690325737,1.31392228603363,0.002768039703370029,True,2025-11-11 10:30:00,Downtrend,Trend Continuation
2025-11-11 07:30:00,Bearish,1.315391421318054,1.3138188123703,0.0015726089477539062,True,2025-11-11 10:30:00,Downtrend,Trend Continuation
2025-11-11 10:30:00,Bullish,1.313439130783081,1.313387393951416,5.173683166503906e-05,True,2025-11-11 11:00:00,Downtrend,Counter-Trend / Reversal
2025-11-11 11:30:00,Bullish,1.314233064651489,1.314129590988159,0.00010347366333007812,True,2025-11-11 12:30:00,Downtrend,Counter-Trend / Reversal
2025-11-11 12:00:00,Bullish,1.314613223075867,1.314457654953003,0.00015556812286399158,True,2025-11-11 12:30:00,Downtrend,Counter-Trend / Reversal
2025-11-11 13:30:00,Bullish,1.316794395446777,1.315425992012024,0.0013684034347529739,True,2025-11-11 14:00:00,Uptrend,Trend Continuation
2025-11-11 21:00:00,Bearish,1.31665563583374,1.316291689872742,0.00036394596099809107,True,2025-11-11 22:00:00,Downtrend,Trend Continuation
2025-11-11 21:30:00,Bearish,1.316205024719238,1.31606650352478,0.0001385211944580078,True,2025-11-11 22:00:00,Downtrend,Trend Continuation
2025-11-12 01:00:00,Bearish,1.31487250328064,1.314440488815308,0.00043201446533203125,True,2025-11-12 07:00:00,Downtrend,Trend Continuation
2025-11-12 01:30:00,Bearish,1.314319491386414,1.314233064651489,8.642673492498254e-05,True,2025-11-12 02:00:00,Downtrend,Trend Continuation
2025-11-12 04:30:00,Bearish,1.3139568567276,1.313352823257446,0.0006040334701540306,True,2025-11-12 05:00:00,Downtrend,Trend Continuation
2025-11-12 05:30:00,Bullish,1.313473582267761,1.313352823257446,0.0001207590103149414,True,2025-11-12 06:00:00,Downtrend,Counter-Trend / Reversal
2025-11-12 07:00:00,Bullish,1.314233064651489,1.313766956329346,0.0004661083221431106,True,2025-11-12 07:30:00,Downtrend,Counter-Trend / Reversal
2025-11-12 09:00:00,Bearish,1.314526796340942,1.313008069992065,0.0015187263488769531,True,2025-11-12 11:30:00,Downtrend,Trend Continuation
2025-11-12 12:30:00,Bearish,1.312456488609314,1.312387704849243,6.878376007102283e-05,True,2025-11-12 15:30:00,Downtrend,Trend Continuation
2025-11-12 13:00:00,Bearish,1.312404751777649,1.312163829803467,0.00024092197418190686,True,2025-11-12 15:30:00,Downtrend,Trend Continuation
2025-11-12 13:30:00,Bearish,1.310925245285034,1.310719132423401,0.0002061128616328567,True,2025-11-12 14:00:00,Downtrend,Trend Continuation
2025-11-12 15:30:00,Bullish,1.311114311218262,1.309860587120056,0.0012537240982060105,True,2025-11-13 07:00:00,Downtrend,Counter-Trend / Reversal
2025-11-12 16:00:00,Bullish,1.312938928604126,1.311509728431702,0.0014292001724238723,True,2025-11-12 16:30:00,Downtrend,Counter-Trend / Reversal
2025-11-12 18:30:00,Bullish,1.3139568567276,1.313870549201965,8.630752563498767e-05,True,2025-11-12 19:00:00,Uptrend,Trend Continuation
2025-11-12 19:30:00,Bearish,1.3139568567276,1.313490867614746,0.0004659891128540039,True,2025-11-13 07:30:00,Downtrend,Trend Continuation
2025-11-13 00:00:00,Bearish,1.312990784645081,1.31285285949707,0.00013792514801092004,True,2025-11-13 03:00:00,Downtrend,Trend Continuation
2025-11-13 00:30:00,Bearish,1.312697768211365,1.312473773956299,0.00022399425506591797,True,2025-11-13 02:00:00,Downtrend,Trend Continuation
2025-11-13 01:00:00,Bearish,1.312180876731873,1.312043190002441,0.00013768672943204052,True,2025-11-13 01:30:00,Downtrend,Trend Continuation
2025-11-13 07:30:00,Bullish,1.312870025634766,1.312301516532898,0.0005685091018681199,True,2025-11-14 07:00:00,Uptrend,Trend Continuation
2025-11-13 08:00:00,Bullish,1.313697934150696,1.3126460313797,0.0010519027709960938,True,2025-11-13 08:30:00,Uptrend,Trend Continuation
2025-11-13 09:00:00,Bullish,1.315685629844666,1.314492225646973,0.001193404197692871,True,2025-11-13 09:30:00,Uptrend,Trend Continuation
2025-11-13 12:30:00,Bullish,1.31639575958252,1.316049218177795,0.00034654140472500927,True,2025-11-13 13:30:00,Uptrend,Trend Continuation
2025-11-13 13:00:00,Bullish,1.317106604576111,1.31636106967926,0.00074553489685103,True,2025-11-13 13:30:00,Uptrend,Trend Continuation
2025-11-13 15:30:00,Bullish,1.318478584289551,1.317852973937988,0.0006256103515629441,True,2025-11-13 22:30:00,Uptrend,Trend Continuation
2025-11-13 16:00:00,Bullish,1.319156885147095,1.318495869636536,0.00066101551055886,True,2025-11-13 19:30:00,Uptrend,Trend Continuation
2025-11-13 17:00:00,Bullish,1.320620179176331,1.319922924041748,0.0006972551345829636,True,2025-11-13 18:30:00,Uptrend,Trend Continuation
2025-11-13 19:00:00,Bearish,1.320759773254395,1.31973123550415,0.0010285377502450288,True,2025-11-13 22:00:00,Uptrend,Counter-Trend / Reversal
2025-11-13 22:00:00,Bullish,1.319121956825256,1.318930625915527,0.0001913309097290039,True,2025-11-13 22:30:00,Uptrend,Trend Continuation
2025-11-13 23:00:00,Bearish,1.319121956825256,1.317696690559387,0.0014252662658689186,True,2025-11-14 08:30:00,Downtrend,Trend Continuation
2025-11-13 23:30:00,Bearish,1.316586375236511,1.31537401676178,0.0012123584747310012,True,2025-11-14 00:00:00,Downtrend,Trend Continuation
2025-11-14 01:00:00,Bearish,1.315322160720825,1.314924359321594,0.00039780139923095703,True,2025-11-14 01:30:00,Downtrend,Trend Continuation
2025-11-14 04:30:00,Bearish,1.314544081687927,1.314474940299988,6.914138793900904e-05,True,2025-11-14 05:00:00,Downtrend,Trend Continuation
2025-11-14 09:00:00,Bullish,1.315720200538635,1.314682364463806,0.0010378360748291016,True,2025-11-14 09:30:00,Downtrend,Counter-Trend / Reversal
2025-11-14 10:30:00,Bearish,1.314959049224854,1.31483793258667,0.00012111663818403784,True,2025-11-14 12:00:00,Downtrend,Trend Continuation
2025-11-14 11:00:00,Bearish,1.314405918121338,1.314388632774353,1.728534698486328e-05,True,2025-11-14 12:00:00,Downtrend,Trend Continuation
2025-11-14 12:30:00,Bullish,1.315131902694702,1.314267754554749,0.0008641481399529471,True,2025-11-14 14:00:00,Uptrend,Trend Continuation
2025-11-14 13:00:00,Bullish,1.316413044929504,1.315166473388672,0.0012465715408318534,True,2025-11-14 13:30:00,Downtrend,Counter-Trend / Reversal
2025-11-14 15:30:00,Bearish,1.315754771232605,1.314613223075867,0.0011415481567380592,True,2025-11-14 16:00:00,Downtrend,Trend Continuation
2025-11-14 16:30:00,Bullish,1.315425992012024,1.314613223075867,0.0008127689361570045,True,2025-11-14 17:00:00,Downtrend,Counter-Trend / Reversal
2025-11-14 21:00:00,Bullish,1.316881060600281,1.31665563583374,0.00022542476654097143,True,2025-11-14 21:30:00,Uptrend,Trend Continuation
2025-11-17 00:00:00,Bearish,1.316603660583496,1.315927982330322,0.0006756782531740502,True,2025-11-17 01:00:00,Uptrend,Counter-Trend / Reversal
2025-11-17 00:30:00,Bearish,1.317193269729614,1.315754771232605,0.0014384984970090553,True,2025-11-17 01:00:00,Uptrend,Counter-Trend / Reversal
2025-11-17 03:00:00,Bearish,1.31530487537384,1.315218329429626,8.654594421408923e-05,True,2025-11-17 05:00:00,Downtrend,Trend Continuation
2025-11-17 03:30:00,Bearish,1.315201163291931,1.314613223075867,0.000587940216064009,True,2025-11-17 04:00:00,Downtrend,Trend Continuation
2025-11-17 04:30:00,Bullish,1.3148033618927,1.314613223075867,0.000190138816833052,True,2025-11-17 05:30:00,Downtrend,Counter-Trend / Reversal
2025-11-17 05:00:00,Bullish,1.315028190612793,1.31487250328064,0.00015568733215287622,True,2025-11-17 05:30:00,Downtrend,Counter-Trend / Reversal
2025-11-17 06:00:00,Bearish,1.315028190612793,1.314354062080383,0.00067412853240989,True,2025-11-17 06:30:00,Downtrend,Trend Continuation
2025-11-17 07:00:00,Bullish,1.315045475959778,1.314354062080383,0.0006914138793949753,True,2025-11-17 19:30:00,Uptrend,Trend Continuation
2025-11-17 07:30:00,Bullish,1.317002534866333,1.315166473388672,0.0018360614776609108,True,2025-11-17 08:00:00,Uptrend,Trend Continuation
2025-11-17 12:00:00,Bullish,1.31778347492218,1.316725134849548,0.001058340072632058,True,2025-11-17 13:30:00,Uptrend,Trend Continuation
2025-11-17 14:00:00,Bearish,1.318026661872864,1.317714095115662,0.0003125667572019264,True,2025-11-17 15:30:00,Uptrend,Counter-Trend / Reversal
2025-11-17 14:30:00,Bearish,1.317332148551941,1.317297458648682,3.4689903258833255e-05,True,2025-11-17 15:30:00,Uptrend,Counter-Trend / Reversal
2025-11-17 15:00:00,Bearish,1.317158699035645,1.317123889923096,3.480911254905017e-05,True,2025-11-17 15:30:00,Uptrend,Counter-Trend / Reversal
2025-11-17 18:00:00,Bearish,1.31714129447937,1.317054510116577,8.678436279296875e-05,True,2025-11-18 08:00:00,Downtrend,Trend Continuation
2025-11-17 20:00:00,Bearish,1.315858721733093,1.3153395652771,0.0005191564559929862,True,2025-11-17 20:30:00,Downtrend,Trend Continuation
2025-11-17 21:00:00,Bullish,1.315547108650208,1.3153395652771,0.00020754337310791016,True,2025-11-17 21:30:00,Downtrend,Counter-Trend / Reversal
2025-11-18 00:30:00,Bearish,1.31530487537384,1.315062642097473,0.0002422332763671875,True,2025-11-18 01:00:00,Downtrend,Trend Continuation
2025-11-18 01:30:00,Bullish,1.315149188041687,1.315062642097473,8.654594421408923e-05,True,2025-11-18 02:00:00,Downtrend,Counter-Trend / Reversal
2025-11-18 04:30:00,Bullish,1.315858721733093,1.315235733985901,0.0006229877471919387,True,2025-11-18 06:00:00,Uptrend,Trend Continuation
2025-11-18 05:00:00,Bullish,1.316118597984314,1.315858721733093,0.00025987625122092517,True,2025-11-18 06:00:00,Uptrend,Trend Continuation
2025-11-18 10:30:00,Bearish,1.315131902694702,1.315062642097473,6.92605972290039e-05,True,2025-11-18 12:30:00,Downtrend,Trend Continuation
2025-11-18 16:00:00,Bearish,1.31530487537384,1.314665079116821,0.000639796257019043,True,2025-11-18 16:30:00,Downtrend,Trend Continuation
2025-11-18 18:30:00,Bullish,1.315080046653748,1.314474940299988,0.0006051063537599877,True,2025-11-18 19:00:00,Downtrend,Counter-Trend / Reversal
2025-11-18 20:30:00,Bearish,1.31530487537384,1.315218329429626,8.654594421408923e-05,True,2025-11-18 22:00:00,Downtrend,Trend Continuation
2025-11-18 21:00:00,Bearish,1.315149188041687,1.314959049224854,0.000190138816833052,True,2025-11-18 22:00:00,Downtrend,Trend Continuation
2025-11-19 01:00:00,Bearish,1.314440488815308,1.314250349998474,0.00019013881683416223,True,2025-11-19 03:30:00,Downtrend,Trend Continuation
2025-11-19 02:00:00,Bearish,1.313577175140381,1.313559889793396,1.7285346985085326e-05,True,2025-11-19 02:30:00,Downtrend,Trend Continuation
2025-11-19 03:00:00,Bullish,1.313715219497681,1.313559889793396,0.00015532970428511206,True,2025-11-19 04:00:00,Downtrend,Counter-Trend / Reversal
2025-11-19 06:00:00,Bullish,1.314474940299988,1.314250349998474,0.00022459030151411596,True,2025-11-19 07:00:00,Uptrend,Trend Continuation
2025-11-19 06:30:00,Bullish,1.314751505851746,1.314665079116821,8.642673492498254e-05,True,2025-11-19 07:00:00,Uptrend,Trend Continuation
2025-11-19 08:30:00,Bearish,1.313801527023315,1.313577175140381,0.00022435188293390418,True,2025-11-19 09:00:00,Downtrend,Trend Continuation
2025-11-19 14:30:00,Bearish,1.311458230018616,1.311389446258545,6.878376007102283e-05,True,2025-11-19 15:00:00,Downtrend,Trend Continuation
2025-11-19 15:30:00,Bearish,1.310616016387939,1.310272574424744,0.0003434419631949126,True,2025-11-20 14:00:00,Downtrend,Trend Continuation
2025-11-19 16:00:00,Bearish,1.310169577598572,1.308540821075439,0.0016287565231329904,True,2025-11-20 13:30:00,Downtrend,Trend Continuation
2025-11-19 17:30:00,Bearish,1.306967496871948,1.306864976882935,0.00010251998901300574,True,2025-11-19 18:00:00,Downtrend,Trend Continuation
2025-11-19 19:30:00,Bearish,1.306728363037109,1.305414795875549,0.0013135671615598365,True,2025-11-19 20:00:00,Downtrend,Trend Continuation
2025-11-19 22:00:00,Bullish,1.305670499801636,1.304971933364868,0.0006985664367680222,True,2025-11-19 23:00:00,Downtrend,Counter-Trend / Reversal
2025-11-20 00:30:00,Bearish,1.305806875228882,1.30553412437439,0.00027275085449196546,True,2025-11-20 01:00:00,Downtrend,Trend Continuation
2025-11-20 02:00:00,Bearish,1.305023074150085,1.304733633995056,0.00028944015502907483,True,2025-11-20 02:30:00,Downtrend,Trend Continuation
2025-11-20 04:30:00,Bullish,1.305431842803955,1.304971933364868,0.0004599094390871361,True,2025-11-20 05:30:00,Downtrend,Counter-Trend / Reversal
2025-11-20 05:00:00,Bullish,1.305551290512085,1.305448889732361,0.00010240077972389905,True,2025-11-20 05:30:00,Downtrend,Counter-Trend / Reversal
2025-11-20 10:00:00,Bullish,1.307719469070435,1.307189583778381,0.0005298852920541108,True,2025-11-20 10:30:00,Uptrend,Trend Continuation
2025-11-20 11:00:00,Bearish,1.307719469070435,1.307651162147522,6.830692291304175e-05,True,2025-11-20 13:30:00,Downtrend,Trend Continuation
2025-11-20 11:30:00,Bearish,1.307326316833496,1.307035803794861,0.00029051303863503186,True,2025-11-20 13:30:00,Downtrend,Trend Continuation
2025-11-20 12:00:00,Bearish,1.306660056114197,1.306540489196777,0.00011956691742009973,True,2025-11-20 13:30:00,Downtrend,Trend Continuation
2025-11-20 13:30:00,Bullish,1.30688202381134,1.306386828422546,0.0004951953887941674,True,2025-11-20 17:30:00,Uptrend,Trend Continuation
2025-11-20 14:00:00,Bullish,1.308335304260254,1.306455254554749,0.001880049705504927,True,2025-11-20 15:30:00,Uptrend,Trend Continuation
2025-11-20 14:30:00,Bullish,1.310856461524963,1.30977475643158,0.0010817050933829009,True,2025-11-20 15:00:00,Uptrend,Trend Continuation
2025-11-20 15:30:00,Bearish,1.310856461524963,1.309792041778564,0.0010644197463989258,True,2025-11-20 16:00:00,Uptrend,Counter-Trend / Reversal
2025-11-20 17:00:00,Bearish,1.309157609939575,1.30819845199585,0.0009591579437249198,True,2025-11-20 19:00:00,Uptrend,Counter-Trend / Reversal
2025-11-20 17:30:00,Bearish,1.307651162147522,1.307445883750916,0.00020527839660600122,True,2025-11-20 18:00:00,Uptrend,Counter-Trend / Reversal
2025-11-20 19:30:00,Bullish,1.308318257331848,1.308130025863647,0.00018823146820090564,True,2025-11-20 20:00:00,Uptrend,Trend Continuation
2025-11-20 20:30:00,Bearish,1.308318257331848,1.307958960533142,0.00035929679870583264,True,2025-11-20 23:30:00,Uptrend,Counter-Trend / Reversal
2025-11-20 21:00:00,Bearish,1.307924747467041,1.307223677635193,0.0007010698318479225,True,2025-11-20 21:30:00,Uptrend,Counter-Trend / Reversal
2025-11-21 00:00:00,Bullish,1.307651162147522,1.30758273601532,6.842613220192639e-05,True,2025-11-21 02:30:00,Uptrend,Trend Continuation
2025-11-21 04:00:00,Bullish,1.308712005615234,1.308352470397949,0.0003595352172849342,True,2025-11-21 04:30:00,Uptrend,Trend Continuation
2025-11-21 07:30:00,Bearish,1.308917641639709,1.308866262435913,5.137920379594263e-05,True,2025-11-21 08:00:00,Uptrend,Counter-Trend / Reversal
2025-11-21 08:30:00,Bullish,1.308917641639709,1.308866262435913,5.137920379594263e-05,True,2025-11-21 09:00:00,Uptrend,Trend Continuation
2025-11-21 09:30:00,Bearish,1.308917641639709,1.30819845199585,0.0007191896438589751,True,2025-11-21 12:30:00,Downtrend,Trend Continuation
2025-11-21 10:00:00,Bearish,1.308540821075439,1.306165099143982,0.0023757219314570754,True,2025-11-21 10:30:00,Downtrend,Trend Continuation
2025-11-21 12:00:00,Bearish,1.305414795875549,1.305074095726013,0.0003407001495361328,True,2025-11-21 12:30:00,Downtrend,Trend Continuation
2025-11-21 12:30:00,Bullish,1.306284546852112,1.306148052215576,0.00013649463653608862,False,,Uptrend,Trend Continuation
2025-11-21 13:00:00,Bullish,1.308130025863647,1.305074095726013,0.0030559301376340553,True,2025-11-21 14:00:00,Uptrend,Trend Continuation
2025-11-21 17:00:00,Bullish,1.308986186981201,1.308712005615234,0.0002741813659670189,True,2025-11-24 00:00:00,Uptrend,Trend Continuation
2025-11-21 19:30:00,Bullish,1.310289740562439,1.310100913047791,0.0001888275146479934,True,2025-11-21 20:00:00,Uptrend,Trend Continuation
2025-11-21 21:00:00,Bullish,1.310495734214783,1.310427069664001,6.866455078191613e-05,True,2025-11-21 21:30:00,Uptrend,Trend Continuation
2025-11-21 22:00:00,Bearish,1.310495734214783,1.30977475643158,0.000720977783202903,True,2025-11-24 02:30:00,Uptrend,Counter-Trend / Reversal
2025-11-24 00:00:00,Bearish,1.309912204742432,1.309637546539307,0.000274658203125,True,2025-11-24 02:00:00,Uptrend,Counter-Trend / Reversal
2025-11-24 00:30:00,Bearish,1.30977475643158,1.308969020843506,0.0008057355880739525,True,2025-11-24 01:00:00,Uptrend,Counter-Trend / Reversal
2025-11-24 02:30:00,Bullish,1.30958616733551,1.309311866760254,0.0002743005752561256,True,2025-11-24 03:00:00,Uptrend,Trend Continuation
2025-11-24 05:00:00,Bullish,1.310118079185486,1.310049414634705,6.866455078102796e-05,True,2025-11-24 06:30:00,Uptrend,Trend Continuation
2025-11-24 07:00:00,Bearish,1.310238122940063,1.309980750083923,0.0002573728561401367,True,2025-11-24 07:30:00,Uptrend,Counter-Trend / Reversal
2025-11-24 09:30:00,Bearish,1.309483289718628,1.309448957443237,3.4332275390847045e-05,True,2025-11-24 10:00:00,Uptrend,Counter-Trend / Reversal
2025-11-24 12:30:00,Bullish,1.310753345489502,1.30958616733551,0.0011671781539919213,True,2025-11-24 13:30:00,Uptrend,Trend Continuation
2025-11-24 13:00:00,Bullish,1.311097145080566,1.310633182525635,0.0004639625549309745,True,2025-11-24 13:30:00,Uptrend,Trend Continuation
2025-11-24 14:00:00,Bearish,1.311097145080566,1.310530066490173,0.0005670785903930664,True,2025-11-24 16:00:00,Downtrend,Trend Continuation
2025-11-24 14:30:00,Bearish,1.310616016387939,1.309397459030151,0.001218557357788086,True,2025-11-24 15:30:00,Downtrend,Trend Continuation
2025-11-24 16:00:00,Bullish,1.309826374053955,1.309277534484863,0.0005488395690920189,True,2025-11-24 16:30:00,Uptrend,Trend Continuation
2025-11-24 17:00:00,Bearish,1.309826374053955,1.309740543365479,8.583068847611841e-05,True,2025-11-24 17:30:00,Downtrend,Trend Continuation
2025-11-24 18:00:00,Bullish,1.310100913047791,1.309740543365479,0.0003603696823120117,True,2025-11-25 03:30:00,Uptrend,Trend Continuation
2025-11-24 19:00:00,Bullish,1.310994029045105,1.310513019561768,0.00048100948333695825,True,2025-11-24 19:30:00,Uptrend,Trend Continuation
2025-11-25 00:00:00,Bearish,1.310701847076416,1.310547232627869,0.0001546144485469192,True,2025-11-25 00:30:00,Uptrend,Counter-Trend / Reversal
2025-11-25 01:00:00,Bullish,1.310856461524963,1.310547232627869,0.0003092288970938384,True,2025-11-25 01:30:00,Uptrend,Trend Continuation
2025-11-25 04:00:00,Bearish,1.310701847076416,1.310015082359314,0.0006867647171020508,True,2025-11-25 05:00:00,Downtrend,Trend Continuation
2025-11-25 04:30:00,Bearish,1.310015082359314,1.309997916221619,1.716613769486841e-05,True,2025-11-25 05:00:00,Downtrend,Trend Continuation
2025-11-25 07:00:00,Bullish,1.310839295387268,1.310461401939392,0.00037789344787597656,False,,Uptrend,Trend Continuation
2025-11-25 07:30:00,Bullish,1.311630249023438,1.310684680938721,0.0009455680847170189,True,2025-11-25 08:00:00,Uptrend,Trend Continuation
2025-11-25 10:00:00,Bullish,1.312904596328735,1.312835574150085,6.902217864990234e-05,True,2025-11-25 10:30:00,Uptrend,Trend Continuation
2025-11-25 11:00:00,Bearish,1.312904596328735,1.31268048286438,0.00022411346435480262,True,2025-11-25 12:30:00,Uptrend,Counter-Trend / Reversal
2025-11-25 11:30:00,Bearish,1.312490940093994,1.31187117099762,0.0006197690963738456,True,2025-11-25 12:00:00,Uptrend,Counter-Trend / Reversal
2025-11-25 12:30:00,Bullish,1.312060475349426,1.31187117099762,0.0001893043518059745,False,,Uptrend,Trend Continuation
2025-11-25 13:00:00,Bullish,1.313387393951416,1.312129259109497,0.0012581348419189453,True,2025-11-26 12:00:00,Uptrend,Trend Continuation
2025-11-25 13:30:00,Bullish,1.314233064651489,1.313594460487366,0.0006386041641230911,True,2025-11-26 12:00:00,Uptrend,Trend Continuation
2025-11-25 14:30:00,Bullish,1.315945386886597,1.315443277359009,0.0005021095275878906,True,2025-11-25 20:30:00,Uptrend,Trend Continuation
2025-11-25 15:00:00,Bullish,1.317523002624512,1.316777110099792,0.0007458925247199044,True,2025-11-25 15:30:00,Uptrend,Trend Continuation
2025-11-25 17:30:00,Bullish,1.319296002388,1.31835675239563,0.0009392499923699393,True,2025-11-25 20:00:00,Uptrend,Trend Continuation
2025-11-25 18:00:00,Bullish,1.320114612579346,1.319992661476135,0.00012195110321089331,True,2025-11-25 19:30:00,Uptrend,Trend Continuation
2025-11-25 18:30:00,Bullish,1.320410847663879,1.320306301116943,0.00010454654693603516,True,2025-11-25 19:00:00,Uptrend,Trend Continuation
2025-11-25 20:30:00,Bearish,1.320097088813782,1.317661881446838,0.0024352073669440255,True,2025-11-25 22:00:00,Uptrend,Counter-Trend / Reversal
2025-11-25 21:00:00,Bearish,1.317939877510071,1.317193269729614,0.0007466077804569871,True,2025-11-25 22:00:00,Uptrend,Counter-Trend / Reversal
2025-11-26 01:30:00,Bullish,1.317401647567749,1.317314863204956,8.678436279296875e-05,True,2025-11-26 07:00:00,Uptrend,Trend Continuation
2025-11-26 02:00:00,Bullish,1.317800760269165,1.3173668384552,0.0004339218139650658,True,2025-11-26 07:00:00,Uptrend,Trend Continuation
2025-11-26 04:30:00,Bearish,1.319296002388,1.319226384162903,6.961822509699012e-05,True,2025-11-26 06:00:00,Uptrend,Counter-Trend / Reversal
2025-11-26 07:30:00,Bearish,1.318443655967712,1.317887663841248,0.0005559921264639556,True,2025-11-26 08:00:00,Uptrend,Counter-Trend / Reversal
2025-11-26 10:30:00,Bearish,1.31714129447937,1.316881060600281,0.0002602338790889114,True,2025-11-26 11:30:00,Downtrend,Trend Continuation
2025-11-26 11:00:00,Bearish,1.316603660583496,1.316135764122009,0.00046789646148703845,True,2025-11-26 11:30:00,Downtrend,Trend Continuation
2025-11-26 13:00:00,Bullish,1.318026661872864,1.316898465156555,0.0011281967163090378,False,,Uptrend,Trend Continuation
2025-11-26 15:30:00,Bullish,1.320742249488831,1.320533037185669,0.00020921230316206518,True,2025-11-28 08:00:00,Uptrend,Trend Continuation
2025-11-26 23:30:00,Bullish,1.324240207672119,1.324222683906555,1.7523765563964844e-05,True,2025-11-27 06:30:00,Uptrend,Trend Continuation
2025-11-27 01:00:00,Bullish,1.324924468994141,1.324836730957031,8.773803711004113e-05,True,2025-11-27 03:00:00,Uptrend,Trend Continuation
2025-11-27 01:30:00,Bullish,1.32524049282074,1.325047373771667,0.00019311904907293176,True,2025-11-27 02:30:00,Uptrend,Trend Continuation
2025-11-27 02:00:00,Bullish,1.325662136077881,1.3255215883255,0.00014054775238103723,True,2025-11-27 02:30:00,Uptrend,Trend Continuation
2025-11-27 03:00:00,Bearish,1.325662136077881,1.325258135795593,0.00040400028228804175,True,2025-11-27 03:30:00,Uptrend,Counter-Trend / Reversal
2025-11-27 04:00:00,Bullish,1.3255215883255,1.325258135795593,0.0002634525299070045,True,2025-11-27 06:00:00,Uptrend,Trend Continuation
2025-11-27 06:30:00,Bearish,1.325855493545532,1.325714826583862,0.00014066696166992188,False,,Uptrend,Counter-Trend / Reversal
2025-11-27 07:00:00,Bearish,1.325310707092285,1.32455587387085,0.0007548332214348807,True,2025-11-27 13:30:00,Uptrend,Counter-Trend / Reversal
2025-11-27 07:30:00,Bearish,1.324099898338318,1.323942184448242,0.00015771389007612768,True,2025-11-27 08:00:00,Uptrend,Counter-Trend / Reversal
2025-11-27 08:30:00,Bearish,1.323031306266785,1.32283890247345,0.00019240379333496094,True,2025-11-27 11:00:00,Downtrend,Trend Continuation
2025-11-27 09:30:00,Bearish,1.321842193603516,1.321772217750549,6.997585296697473e-05,True,2025-11-27 10:00:00,Downtrend,Trend Continuation
2025-11-27 10:30:00,Bullish,1.321981906890869,1.321772217750549,0.00020968914031982422,True,2025-11-28 06:30:00,Downtrend,Counter-Trend / Reversal
2025-11-27 13:00:00,Bullish,1.323398947715759,1.323346495628357,5.2452087402121705e-05,True,2025-11-27 14:30:00,Uptrend,Trend Continuation
2025-11-27 13:30:00,Bullish,1.324029803276062,1.323504090309143,0.0005257129669189453,True,2025-11-27 14:00:00,Uptrend,Trend Continuation
2025-11-27 14:30:00,Bearish,1.324029803276062,1.323696732521057,0.00033307075500510486,True,2025-11-27 15:00:00,Downtrend,Trend Continuation
2025-11-27 15:30:00,Bullish,1.324187636375427,1.323696732521057,0.0004909038543701172,True,2025-11-27 16:30:00,Uptrend,Trend Continuation
2025-11-27 16:00:00,Bullish,1.32478404045105,1.324643611907959,0.00014042854309104236,True,2025-11-27 16:30:00,Uptrend,Trend Continuation
2025-11-27 17:00:00,Bearish,1.32478404045105,1.324713826179504,7.021427154607629e-05,True,2025-11-28 15:30:00,Downtrend,Trend Continuation
2025-11-27 17:30:00,Bearish,1.324064970016479,1.323837041854858,0.00022792816162109375,True,2025-11-27 18:00:00,Downtrend,Trend Continuation
2025-11-27 21:30:00,Bullish,1.32388961315155,1.323854446411133,3.516674041703638e-05,True,2025-11-27 22:00:00,Uptrend,Trend Continuation
2025-11-28 03:30:00,Bullish,1.323819518089294,1.323784351348877,3.516674041703638e-05,True,2025-11-28 04:00:00,Uptrend,Trend Continuation
2025-11-28 07:00:00,Bearish,1.322646379470825,1.321964502334595,0.0006818771362300247,True,2025-11-28 07:30:00,Downtrend,Trend Continuation
2025-11-28 08:00:00,Bearish,1.321632504463196,1.321300745010376,0.00033175945282004626,True,2025-11-28 08:30:00,Downtrend,Trend Continuation
2025-11-28 16:00:00,Bullish,1.323591709136963,1.322978854179382,0.0006128549575807885,True,2025-11-28 17:00:00,Uptrend,Trend Continuation
2025-11-28 19:00:00,Bullish,1.32380199432373,1.323766827583313,3.516674041703638e-05,True,2025-11-28 21:30:00,Uptrend,Trend Continuation
2025-11-28 19:30:00,Bullish,1.323959708213806,1.323784351348877,0.00017535686492897717,True,2025-11-28 21:00:00,Uptrend,Trend Continuation
2025-11-28 20:00:00,Bullish,1.324415564537048,1.324222683906555,0.00019288063049294202,True,2025-11-28 20:30:00,Uptrend,Trend Continuation
2025-11-28 21:30:00,Bearish,1.324292898178101,1.32415246963501,0.00014042854309104236,False,,Uptrend,Counter-Trend / Reversal
2025-11-28 22:00:00,Bearish,1.323959708213806,1.323364019393921,0.0005956888198850319,False,,Uptrend,Counter-Trend / Reversal
